domain,freq
justwatch.com,130
,76
netflix.com,76
youtube.com,62
huadongman.com,40
amazon.com,34
tvguide.com,33
ridomovies.tv,32
m.iyf.tv,30
play.google.com,26
haitu.tv,25
imdb.com,24
m.facebook.com,23
cuevana.pro,23
comingsoon.net,21
tokyvideo.com,21
watch.plex.tv,20
91mjw.vip,20
roku.com,19
pelis24.blog,18
pelisplanet.to,17
carisinyal.com,17
tubitv.com,16
peelink2.com,15
inet.detik.com,15
mcoun.com,15
epicstream.com,15
hbomax.com,15
ww11.0123movie.net,14
reddit.com,13
techno.okezone.com,13
translate.google.com,13
pelisflix2.cool,12
id.linkedin.com,12
bilibili.tv,12
flicks.co.uk,12
archive.org,11
yebaotv.com,11
xiaoxintv.net,10
xiaobaotv.net,10
kabarjoglosemar.pikiran-rakyat.com,10
4kvm.net,10
v.qq.com,10
24.repelis.top,10
filmelier.com,10
verpeliculasultra.com,10
xataka.com,10
ikanbot.com,10
makassar.tribunnews.com,10
catchplay.com,10
rqsxbyc.com,10
45.148.122.77,10
185.99.135.217,10
haitum.cc,10
mov.onl,9
hulu.com,8
tiktok.com,8
moviefone.com,8
cuevana3.ch,8
7.pelisplushd.to,8
apps.apple.com,8
jalantikus.com,8
dailysocial.id,8
mediaindonesia.com,8
primevideo.com,8
cnnespanol.cnn.com,8
es.wikipedia.org,7
playpilot.com,7
wv.cinecalidad.gg,7
go.cuevana3.vip,7
cnbcindonesia.com,6
ver.pelis28.net,6
baskadia.com,6
cupfox.app,6
aimeiju6.com,6
exclubonenis.shopinfo.jp,6
dmla4.com,5
olehdtv.com,5
mxdm9.com,5
teacherspayteachers.com,5
veronline.cc,5
music.amazon.com,5
soundcloud.com,5
castbox.fm,5
ruparupa.com,5
m.rctiplus.com,5
lpkdmsuam.hwaumueller.de,5
uongaplliq.zmkshop.com.ua,5
haiwaiyingyuan.tangrenjie.tv,5
dygangs.xyz,5
zzyt999.com,5
poqhomfsb.weareyumyum.de,5
zehko.eva-schreier.de,5
lomhqjyct.koessler-mobile-recording.de,5
jflcsuyev.perfekcyjnyremont.pl,5
iulmomffco.maxhair-kiev.com.ua,5
vqnrx.arbeitslos-ohne-leistungsbezug.de,5
hzkxabdtj.lonari-abogada.es,5
bpmrzyftl.customshop.pl,5
kontwbjpy.vallecanaderevestimientos.es,5
ixouvkkaks.plynnymagnez.pl,5
hrwenhua.com,5
iole.app,5
chinakaoyan.com,5
kfyuwangtai.com,5
m.tiantk1.com,5
mjxq.site,5
ondemandchina.com,5
gaofen1.com,5
3ayy.com,5
fofoyy.com,5
nnyy.in,5
m.italkbbtv.com,5
dsdytv.com,5
a-wavin.com,5
naifeitv.cc,5
playmovies.io,5
es.digitaltrends.com,5
iprofesional.com,5
tiantk1.com,5
mjw8.cc,5
iyf6.tv,5
nonton.filmapik.name,5
tv3.juragan.film,5
lifestyle.bisnis.com,5
antaranews.com,5
165.232.85.56,5
favolchede.com,5
dyg123.net,5
dianyingmatou.com,5
mgtv.com,5
dadatu.net,5
103.35.188.37,5
5.253.86.213,5
159.223.5.65,5
the-great-wall-full-movie-online-dailymotion.neurocog.de,5
wjgazhbrv.lenix-group.de,5
18idy.com,5
lyzhibang.com,5
tv.sohu.com,5
m.douban.com,5
baike.baidu.com,5
lionsgate.com,5
kapanlagi.com,5
xjied.latta.pl,5
infokomputer.grid.id,5
dqxzf.juliewitczak.fr,5
kompas.com,5
moviestowatch.tv,5
kpkuang.org,5
le.com,5
yikedy.cc,5
qiankunxin.com,5
hamivideo.hinet.net,5
video.friday.tw,5
ouletvs.com,5
plbdc.pixnet.net,5
wwv.cuevana3.nu,5
165.22.96.201,5
77.246.96.46,5
travel.tempo.co,5
money.kompas.com,5
disneyworld.co.uk,4
collider.com,4
outlookindia.com,4
hotstar.com,4
ww4.fmovies.co,4
8.pelisplushd.lat,4
en.wikipedia.org,4
mariasplace.com,4
kumospace.com,4
id.wikihow.com,4
peacocktv.com,4
mykebartlett.com,4
telset.id,4
digitaltrends.com,4
groups.google.com,4
ww8.soap2dayhd.co,4
cuevana.biz,4
ryzsjophb.viajes-granviacolon.es,4
zbcjyegaw.arbeitslos-ohne-leistungsbezug.de,4
id.wikipedia.org,4
govi-vicedo.es,4
player.bfi.org.uk,4
dailyamerican.com,4
commonsensemedia.org,4
m.mamul.am,4
mirandogratis.com,4
expansion.com,4
vudu.com,4
starz.com,4
deercampstore.com,4
aarp.org,4
mitma.gob.es,4
mundodeportivo.com,4
assistcard.com,4
reclamatuvuelo.com,4
andina.pe,4
intermundial.es,4
iberia.com,4
industri.kontan.co.id,4
bisnis.tempo.co,4
travel.kompas.com,4
ekonomi.bisnis.com,4
liputan6.com,4
suara.com,4
billboard.com,3
espinof.com,3
cadenaser.com,3
readingrockets.org,3
zoho.com,3
games.aarp.org,3
monkeylearn.com,3
dyslexiclogic.com,3
25words.com,3
tokopedia.com,3
sepulsa.com,3
decider.com,3
radiotimes.com,3
the-jh-movie-collection-official.fandom.com,3
axis.co.id,3
rollingstone.com,3
newsweek.com,3
flixhq.to,3
bbc.co.uk,3
deviantart.com,3
ww7.soap2dayhd.co,3
quora.com,3
dps.texas.gov,3
adata.org,3
